,index,pitch_type,game_date,release_speed,release_pos_x,release_pos_z,player_name,batter,pitcher,events,description,spin_dir,spin_rate_deprecated,break_angle_deprecated,break_length_deprecated,zone,des,game_type,stand,p_throws,home_team,away_team,type,hit_location,bb_type,balls,strikes,game_year,pfx_x,pfx_z,plate_x,plate_z,on_3b,on_2b,on_1b,outs_when_up,inning,inning_topbot,hc_x,hc_y,tfs_deprecated,tfs_zulu_deprecated,fielder_2,umpire,sv_id,vx0,vy0,vz0,ax,ay,az,sz_top,sz_bot,hit_distance_sc,launch_speed,launch_angle,effective_speed,release_spin_rate,release_extension,game_pk,pitcher.1,fielder_2.1,fielder_3,fielder_4,fielder_5,fielder_6,fielder_7,fielder_8,fielder_9,release_pos_y,estimated_ba_using_speedangle,estimated_woba_using_speedangle,woba_value,woba_denom,babip_value,iso_value,launch_speed_angle,at_bat_number,pitch_number,pitch_name,home_score,away_score,bat_score,fld_score,post_away_score,post_home_score,post_bat_score,post_fld_score,if_fielding_alignment,of_fielding_alignment,spin_axis,delta_home_win_exp,delta_run_exp
0,3330,CU,2017-06-27,79.7,-1.34,5.41,"Bush, Matt",608070.0,456713.0,field_out,hit_into_play,,,,,8.0,Jose Ramirez lines out to left fielder Nomar Mazara.,R,L,R,CLE,TEX,X,7.0,line_drive,0.0,0.0,2017.0,0.82,-0.51,-0.07,1.85,,,488726.0,2.0,9.0,Bot,78.13,81.62,,,455139.0,,,1.28640406796386,-115.868040232194,-0.136460317672436,6.92733535034483,21.907418741183,-36.8752967610879,3.23,1.4,314.0,90.2,27.0,78.7,2587.0,5.6,491264.0,456713.0,455139.0,608336.0,596059.0,134181.0,462101.0,608577.0,592261.0,425783.0,54.86,0.1,0.139,0.0,1.0,0.0,0.0,3.0,64.0,1.0,Curveball,1.0,2.0,1.0,2.0,2.0,1.0,1.0,2.0,Standard,Strategic,51.0,-0.096,-0.227
1,3486,FF,2017-06-27,98.1,-1.35,5.42,"Bush, Matt",429665.0,456713.0,field_out,hit_into_play,,,,,4.0,Edwin Encarnacion pops out to second baseman Rougned Odor.,R,R,R,CLE,TEX,X,4.0,popup,1.0,1.0,2017.0,-0.72,1.76,-0.31,2.41,,,488726.0,1.0,9.0,Bot,159.32,123.82,,,455139.0,,,4.46206137155631,-142.39992721447,-6.62577474054575,-10.8180676400163,33.180792457246,-7.12889714618842,3.36,1.43,190.0,66.3,45.0,97.6,2686.0,6.2,491264.0,456713.0,455139.0,608336.0,596059.0,134181.0,462101.0,608577.0,592261.0,425783.0,54.35,0.3,0.313,0.0,1.0,0.0,0.0,3.0,63.0,3.0,4-Seam Fastball,1.0,2.0,1.0,2.0,2.0,1.0,1.0,2.0,Standard,Strategic,204.0,-0.11,-0.292
2,3624,FF,2017-06-27,98.3,-1.29,5.45,"Bush, Matt",429665.0,456713.0,,ball,,,,,14.0,Edwin Encarnacion pops out to second baseman Rougned Odor.,R,R,R,CLE,TEX,B,,,0.0,1.0,2017.0,-0.67,1.77,0.28,1.23,,,488726.0,1.0,9.0,Bot,,,,,455139.0,,,5.69808208251876,-142.372842862286,-9.79698369187656,-10.2491504968288,32.9947773469633,-6.51234179262435,3.68,1.57,,,,97.1,2647.0,5.9,491264.0,456713.0,455139.0,608336.0,596059.0,134181.0,462101.0,608577.0,592261.0,425783.0,54.61,,,,,,,,63.0,2.0,4-Seam Fastball,1.0,2.0,1.0,2.0,2.0,1.0,1.0,2.0,Standard,Strategic,202.0,0.0,0.023
3,3743,FC,2017-06-27,90.9,-1.46,5.25,"Bush, Matt",429665.0,456713.0,,called_strike,,,,,14.0,Edwin Encarnacion pops out to second baseman Rougned Odor.,R,R,R,CLE,TEX,S,,,0.0,0.0,2017.0,0.46,0.72,0.9,2.54,,,488726.0,1.0,9.0,Bot,,,,,455139.0,,,4.89569250131255,-132.122311441761,-2.4147988254076,4.36407731609516,26.3037363509741,-23.5929672884511,3.73,1.77,,,,90.2,2617.0,5.8,491264.0,456713.0,455139.0,608336.0,596059.0,134181.0,462101.0,608577.0,592261.0,425783.0,54.74,,,,,,,,63.0,1.0,Cutter,1.0,2.0,1.0,2.0,2.0,1.0,1.0,2.0,Standard,Strategic,142.0,0.0,-0.046
4,3798,SI,2017-06-27,99.1,-1.37,5.34,"Bush, Matt",488726.0,456713.0,single,hit_into_play,,,,,11.0,Michael Brantley singles on a line drive to left fielder Nomar Mazara.,R,L,R,CLE,TEX,X,7.0,line_drive,1.0,1.0,2017.0,-1.46,1.35,-1.1,2.53,,,,1.0,9.0,Bot,81.23,139.05,,,455139.0,,,4.06793557254232,-143.942864719824,-5.32652530541524,-21.0795046814829,33.7463902053777,-12.6093439626635,3.29,1.38,180.0,68.7,20.0,98.5,2469.0,6.1,491264.0,456713.0,455139.0,608336.0,596059.0,134181.0,462101.0,608577.0,592261.0,425783.0,54.43,0.86,0.774,0.9,1.0,1.0,0.0,4.0,62.0,3.0,Sinker,1.0,2.0,1.0,2.0,2.0,1.0,1.0,2.0,Standard,Strategic,230.0,0.098,0.263
5,3902,CU,2017-06-27,80.7,-1.22,5.21,"Bush, Matt",488726.0,456713.0,,called_strike,,,,,4.0,Michael Brantley singles on a line drive to left fielder Nomar Mazara.,R,L,R,CLE,TEX,S,,,1.0,0.0,2017.0,1.17,-0.58,-0.33,2.26,,,,1.0,9.0,Bot,,,,,455139.0,,,-0.137659909476167,-117.141923023901,1.16130537787511,10.4007379207276,23.0244818328798,-37.8212249532688,3.65,1.53,,,,79.1,2625.0,5.4,491264.0,456713.0,455139.0,608336.0,596059.0,134181.0,462101.0,608577.0,592261.0,425783.0,55.11,,,,,,,,62.0,2.0,Curveball,1.0,2.0,1.0,2.0,2.0,1.0,1.0,2.0,Standard,Strategic,57.0,0.0,-0.032
6,4126,SI,2017-06-27,98.9,-1.27,5.4,"Bush, Matt",488726.0,456713.0,,ball,,,,,13.0,Michael Brantley singles on a line drive to left fielder Nomar Mazara.,R,L,R,CLE,TEX,B,,,0.0,0.0,2017.0,-0.99,1.54,-1.39,2.45,,,,1.0,9.0,Bot,,,,,455139.0,,,1.90473778037185,-143.661200008627,-6.0447959299,-13.9109181697694,32.5465408661933,-10.0408593478679,3.62,1.47,,,,98.2,2377.0,5.9,491264.0,456713.0,455139.0,608336.0,596059.0,134181.0,462101.0,608577.0,592261.0,425783.0,54.57,,,,,,,,62.0,1.0,Sinker,1.0,2.0,1.0,2.0,2.0,1.0,1.0,2.0,Standard,Strategic,215.0,0.0,0.026
7,4221,SI,2017-06-27,97.3,-1.36,5.29,"Bush, Matt",596019.0,456713.0,field_out,hit_into_play,,,,,4.0,Francisco Lindor lines out to center fielder Delino DeShields.,R,L,R,CLE,TEX,X,8.0,line_drive,1.0,1.0,2017.0,-1.22,1.47,-0.29,2.23,,,,0.0,9.0,Bot,97.41,50.6,,,455139.0,,,5.63844569381647,-141.225975935187,-6.00502076532988,-17.5969548695312,31.9268128165482,-11.3495493775423,3.12,1.39,348.0,93.5,27.0,97.1,2363.0,6.3,491264.0,456713.0,455139.0,608336.0,596059.0,134181.0,462101.0,608577.0,592261.0,425783.0,54.2,0.267,0.413,0.0,1.0,0.0,0.0,3.0,61.0,3.0,Sinker,1.0,2.0,1.0,2.0,2.0,1.0,1.0,2.0,Standard,Strategic,222.0,-0.086,-0.235
8,4376,SI,2017-06-27,97.8,-1.29,5.34,"Bush, Matt",596019.0,456713.0,,foul,,,,,2.0,Francisco Lindor lines out to center fielder Delino DeShields.,R,L,R,CLE,TEX,S,,,1.0,0.0,2017.0,-1.18,1.52,0.07,2.97,,,,0.0,9.0,Bot,,,,,455139.0,,,6.2978350287654,-141.997888939046,-4.34311141255909,-17.2051657950924,31.713628863141,-10.9582840494524,3.12,1.39,,,,97.4,2515.0,6.1,491264.0,456713.0,455139.0,608336.0,596059.0,134181.0,462101.0,608577.0,592261.0,425783.0,54.41,,,,,,,,61.0,2.0,Sinker,1.0,2.0,1.0,2.0,2.0,1.0,1.0,2.0,Standard,Strategic,220.0,0.0,-0.046
9,4420,CU,2017-06-27,78.8,-1.29,5.25,"Bush, Matt",596019.0,456713.0,,ball,,,,,11.0,Francisco Lindor lines out to center fielder Delino DeShields.,R,L,R,CLE,TEX,B,,,0.0,0.0,2017.0,1.21,-0.76,-1.11,3.32,,,,0.0,9.0,Bot,,,,,455139.0,,,-1.7357971691936,-114.260410581442,3.95863071828187,10.5642642826302,21.9213566310498,-39.6694301124572,3.34,1.57,,,,77.2,2509.0,5.4,491264.0,456713.0,455139.0,608336.0,596059.0,134181.0,462101.0,608577.0,592261.0,425783.0,55.09,,,,,,,,61.0,1.0,Curveball,1.0,2.0,1.0,2.0,2.0,1.0,1.0,2.0,Standard,Strategic,52.0,0.0,0.036
10,2884,KC,2017-06-27,84.0,-1.51,5.56,"Allen, Cody",608577.0,592102.0,strikeout,swinging_strike,,,,,14.0,Nomar Mazara strikes out swinging.,R,L,R,CLE,TEX,S,2.0,,1.0,2.0,2017.0,0.97,-0.68,0.86,1.23,,,,2.0,9.0,Top,,,,,543228.0,,,3.57846690035561,-122.04565105204,-2.2464132158839,8.75158102702573,25.7062658763175,-38.6573526622325,3.26,1.45,,,,83.1,2639.0,5.9,491264.0,592102.0,543228.0,467793.0,543401.0,608070.0,596019.0,488726.0,605548.0,502082.0,54.55,,,0.0,1.0,0.0,0.0,,60.0,4.0,Knuckle Curve,1.0,2.0,2.0,1.0,2.0,1.0,2.0,1.0,Standard,Standard,49.0,0.008,-0.073
11,2967,KC,2017-06-27,84.0,-1.6,5.59,"Allen, Cody",608577.0,592102.0,,called_strike,,,,,4.0,Nomar Mazara strikes out swinging.,R,L,R,CLE,TEX,S,,,1.0,1.0,2017.0,0.8,-0.77,-0.63,2.17,,,,2.0,9.0,Top,,,,,543228.0,,,0.705975337073051,-122.129175518711,-0.0476862390480026,7.63537786568208,24.6849249498796,-39.9165013981199,3.44,1.53,,,,82.9,2467.0,5.7,491264.0,592102.0,543228.0,467793.0,543401.0,608070.0,596019.0,488726.0,605548.0,502082.0,54.82,,,,,,,,60.0,3.0,Knuckle Curve,1.0,2.0,2.0,1.0,2.0,1.0,2.0,1.0,Standard,Standard,41.0,0.0,-0.029
12,3013,KC,2017-06-27,84.2,-1.58,5.65,"Allen, Cody",608577.0,592102.0,,swinging_strike_blocked,,,,,14.0,Nomar Mazara strikes out swinging.,R,L,R,CLE,TEX,S,,,1.0,0.0,2017.0,0.79,-0.73,0.45,0.78,,,,2.0,9.0,Top,,,,,543228.0,,,3.14853780508592,-122.416754199985,-3.41496509552426,7.18846974182462,26.8473478593186,-38.9358015785982,3.26,1.45,,,,83.6,2610.0,6.2,491264.0,592102.0,543228.0,467793.0,543401.0,608070.0,596019.0,488726.0,605548.0,502082.0,54.32,,,,,,,,60.0,2.0,Knuckle Curve,1.0,2.0,2.0,1.0,2.0,1.0,2.0,1.0,Standard,Standard,42.0,0.0,-0.022
13,3122,FF,2017-06-27,94.5,-1.39,5.66,"Allen, Cody",608577.0,592102.0,,ball,,,,,14.0,Nomar Mazara strikes out swinging.,R,L,R,CLE,TEX,B,,,0.0,0.0,2017.0,-0.5,1.45,1.04,1.37,,,,2.0,9.0,Top,,,,,543228.0,,,7.42723789380292,-137.028062640464,-8.71417708293466,-7.8618711433419,28.20926132674,-12.1599318379612,3.4,1.45,,,,94.7,2581.0,6.4,491264.0,592102.0,543228.0,467793.0,543401.0,608070.0,596019.0,488726.0,605548.0,502082.0,54.09,,,,,,,,60.0,1.0,4-Seam Fastball,1.0,2.0,2.0,1.0,2.0,1.0,2.0,1.0,Standard,Standard,200.0,0.0,0.018
14,3212,FF,2017-06-27,94.2,-1.37,5.71,"Allen, Cody",134181.0,592102.0,home_run,hit_into_play,,,,,1.0,Adrian Beltre homers (5) on a fly ball to left field.,R,R,R,CLE,TEX,X,,fly_ball,0.0,0.0,2017.0,-0.53,1.83,-0.44,3.28,,,,2.0,9.0,Top,61.89,43.99,,,543228.0,,,3.60149000498024,-136.838709002902,-4.66630528412393,-7.45063158633112,30.4273608546665,-8.2220879188188,3.43,1.49,401.0,103.1,35.0,94.3,2360.0,6.5,491264.0,592102.0,543228.0,467793.0,543401.0,608070.0,596019.0,488726.0,605548.0,502082.0,54.04,0.713,1.442,2.0,1.0,0.0,3.0,6.0,59.0,1.0,4-Seam Fastball,1.0,1.0,1.0,1.0,2.0,1.0,2.0,1.0,Standard,Standard,197.0,-0.416,1.0
15,3384,FF,2017-06-27,94.3,-1.51,5.56,"Allen, Cody",462101.0,592102.0,field_out,hit_into_play,,,,,11.0,Elvis Andrus lines out to center fielder Bradley Zimmer.,R,R,R,CLE,TEX,X,8.0,line_drive,1.0,2.0,2017.0,-0.81,1.39,-0.19,3.81,,,,1.0,9.0,Top,156.71,49.45,,,543228.0,,,5.26764287166637,-137.118479586847,-1.99481342686445,-11.4836333880341,28.7526834129574,-14.0968469953267,3.15,1.32,364.0,94.1,28.0,95.2,2454.0,6.7,491264.0,592102.0,543228.0,467793.0,543401.0,608070.0,596019.0,488726.0,605548.0,502082.0,53.79,0.287,0.465,0.0,1.0,0.0,0.0,3.0,58.0,4.0,4-Seam Fastball,1.0,1.0,1.0,1.0,1.0,1.0,1.0,1.0,Standard,Standard,212.0,0.044,-0.122
16,3436,KC,2017-06-27,84.1,-1.61,5.49,"Allen, Cody",462101.0,592102.0,,ball,,,,,14.0,Elvis Andrus lines out to center fielder Bradley Zimmer.,R,R,R,CLE,TEX,B,,,0.0,2.0,2017.0,1.32,-1.16,1.36,0.73,,,,1.0,9.0,Top,,,,,543228.0,,,4.28996188055532,-122.179305064862,-2.38026469152431,12.0079927690759,24.8346212629775,-43.2743506121771,3.39,1.44,,,,82.9,2723.0,5.6,491264.0,592102.0,543228.0,467793.0,543401.0,608070.0,596019.0,488726.0,605548.0,502082.0,54.85,,,,,,,,58.0,3.0,Knuckle Curve,1.0,1.0,1.0,1.0,1.0,1.0,1.0,1.0,Standard,Standard,45.0,0.0,0.015
17,3521,KC,2017-06-27,83.8,-1.44,5.6,"Allen, Cody",462101.0,592102.0,,called_strike,,,,,9.0,Elvis Andrus lines out to center fielder Bradley Zimmer.,R,R,R,CLE,TEX,S,,,0.0,1.0,2017.0,0.99,-0.95,0.34,1.77,,,,1.0,9.0,Top,,,,,543228.0,,,2.20913346255254,-121.778570532963,-0.560344783781826,9.08818712098553,25.5889345942204,-41.5246127845964,3.3,1.42,,,,82.7,2618.0,5.8,491264.0,592102.0,543228.0,467793.0,543401.0,608070.0,596019.0,488726.0,605548.0,502082.0,54.75,,,,,,,,58.0,2.0,Knuckle Curve,1.0,1.0,1.0,1.0,1.0,1.0,1.0,1.0,Standard,Standard,42.0,0.0,-0.038
18,3688,KC,2017-06-27,83.5,-1.51,5.57,"Allen, Cody",462101.0,592102.0,,called_strike,,,,,9.0,Elvis Andrus lines out to center fielder Bradley Zimmer.,R,R,R,CLE,TEX,S,,,0.0,0.0,2017.0,1.33,-0.64,0.53,1.97,,,,1.0,9.0,Top,,,,,543228.0,,,2.15153019455206,-121.358688490189,-0.623773045375904,12.234181054652,24.9187268542952,-38.4231907607443,3.47,1.47,,,,82.1,2530.0,5.5,491264.0,592102.0,543228.0,467793.0,543401.0,608070.0,596019.0,488726.0,605548.0,502082.0,55.01,,,,,,,,58.0,1.0,Knuckle Curve,1.0,1.0,1.0,1.0,1.0,1.0,1.0,1.0,Standard,Standard,59.0,0.0,-0.026
19,3830,FF,2017-06-27,94.8,-1.49,5.72,"Allen, Cody",425783.0,592102.0,strikeout,called_strike,,,,,6.0,Shin-Soo Choo called out on strikes.,R,L,R,CLE,TEX,S,2.0,,3.0,2.0,2017.0,-0.89,1.6,0.79,2.13,,,,0.0,9.0,Top,,,,,543228.0,,,7.93707148705977,-137.425292055862,-7.25742633568372,-13.1067206007693,29.5332654442338,-10.3724639998163,3.36,1.46,,,,94.9,2445.0,6.5,491264.0,592102.0,543228.0,467793.0,543401.0,608070.0,596019.0,488726.0,605548.0,502082.0,54.04,,,0.0,1.0,0.0,0.0,,57.0,6.0,4-Seam Fastball,1.0,1.0,1.0,1.0,1.0,1.0,1.0,1.0,Standard,Standard,211.0,0.058,-0.322
20,3940,KC,2017-06-27,83.5,-1.57,5.64,"Allen, Cody",425783.0,592102.0,,ball,,,,,11.0,Shin-Soo Choo called out on strikes.,R,L,R,CLE,TEX,B,,,2.0,2.0,2017.0,1.12,-0.6,-1.11,3.44,,,,0.0,9.0,Top,,,,,543228.0,,,-1.08281350874285,-121.231287583775,2.52569000982451,11.0447838875172,24.6684543913326,-38.7669014257543,3.34,1.48,,,,82.4,2605.0,5.8,491264.0,592102.0,543228.0,467793.0,543401.0,608070.0,596019.0,488726.0,605548.0,502082.0,54.75,,,,,,,,57.0,5.0,Knuckle Curve,1.0,1.0,1.0,1.0,1.0,1.0,1.0,1.0,Standard,Standard,56.0,0.0,0.106
21,4101,FF,2017-06-27,94.3,-1.57,5.74,"Allen, Cody",425783.0,592102.0,,ball,,,,,12.0,Shin-Soo Choo called out on strikes.,R,L,R,CLE,TEX,B,,,1.0,2.0,2017.0,-0.79,1.47,0.44,4.47,,,,0.0,9.0,Top,,,,,543228.0,,,7.00538039715833,-137.011494143376,-0.847447713054669,-11.5672101163724,29.8023914855555,-13.6181919896389,3.37,1.44,,,,94.6,2377.0,6.5,491264.0,592102.0,543228.0,467793.0,543401.0,608070.0,596019.0,488726.0,605548.0,502082.0,54.02,,,,,,,,57.0,4.0,4-Seam Fastball,1.0,1.0,1.0,1.0,1.0,1.0,1.0,1.0,Standard,Standard,210.0,0.0,0.043
22,4166,KC,2017-06-27,84.6,-1.62,5.65,"Allen, Cody",425783.0,592102.0,,ball,,,,,14.0,Shin-Soo Choo called out on strikes.,R,L,R,CLE,TEX,B,,,0.0,2.0,2017.0,1.51,-0.3,1.5,0.7,,,,0.0,9.0,Top,,,,,543228.0,,,4.29684327463168,-122.909626838323,-4.5432391632859,14.0345014326814,25.2587620535991,-34.4278336782495,3.38,1.46,,,,83.5,2706.0,5.7,491264.0,592102.0,543228.0,467793.0,543401.0,608070.0,596019.0,488726.0,605548.0,502082.0,54.78,,,,,,,,57.0,3.0,Knuckle Curve,1.0,1.0,1.0,1.0,1.0,1.0,1.0,1.0,Standard,Standard,74.0,0.0,0.021
23,4363,KC,2017-06-27,83.5,-1.6,5.72,"Allen, Cody",425783.0,592102.0,,foul,,,,,5.0,Shin-Soo Choo called out on strikes.,R,L,R,CLE,TEX,S,,,0.0,1.0,2017.0,0.74,-1.02,-0.01,2.18,,,,0.0,9.0,Top,,,,,543228.0,,,2.22065547709959,-121.288334474492,0.284872500457257,6.63050457214096,25.4750249342631,-42.2498765240559,3.06,1.33,,,,82.3,2595.0,5.7,491264.0,592102.0,543228.0,467793.0,543401.0,608070.0,596019.0,488726.0,605548.0,502082.0,54.77,,,,,,,,57.0,2.0,Knuckle Curve,1.0,1.0,1.0,1.0,1.0,1.0,1.0,1.0,Standard,Standard,32.0,0.0,-0.056
24,4391,KC,2017-06-27,83.3,-1.61,5.67,"Allen, Cody",425783.0,592102.0,,called_strike,,,,,4.0,Shin-Soo Choo called out on strikes.,R,L,R,CLE,TEX,S,,,0.0,0.0,2017.0,1.0,-0.88,-0.75,2.3,,,,0.0,9.0,Top,,,,,543228.0,,,0.0718238534890805,-120.93057518955,0.435118258749758,9.44160164382787,25.801418690471,-40.9119350163487,3.37,1.42,,,,81.7,2584.0,5.6,491264.0,592102.0,543228.0,467793.0,543401.0,608070.0,596019.0,488726.0,605548.0,502082.0,54.93,,,,,,,,57.0,1.0,Knuckle Curve,1.0,1.0,1.0,1.0,1.0,1.0,1.0,1.0,Standard,Standard,44.0,0.0,-0.037
25,2996,FF,2017-06-27,96.0,-1.73,6.52,"Kela, Keone",543401.0,605309.0,field_out,hit_into_play,,,,,4.0,Jason Kipnis lines out to center fielder Delino DeShields.,R,L,R,CLE,TEX,X,8.0,line_drive,0.0,1.0,2017.0,-0.46,1.77,-0.78,2.27,,467793.0,,2.0,8.0,Bot,,,,,455139.0,,,3.56265264972046,-139.187317069803,-9.61021462781464,-6.87707252591814,33.9172972248489,-7.00627420309135,3.13,1.33,279.0,87.6,20.0,95.7,2238.0,6.5,491264.0,605309.0,455139.0,608336.0,596059.0,134181.0,462101.0,608577.0,592261.0,425783.0,53.98,0.32,0.341,0.0,1.0,0.0,0.0,4.0,56.0,2.0,4-Seam Fastball,1.0,1.0,1.0,1.0,1.0,1.0,1.0,1.0,Standard,Standard,196.0,-0.081,-0.279
26,3162,CU,2017-06-27,80.4,-1.99,6.33,"Kela, Keone",543401.0,605309.0,,called_strike,,,,,1.0,Jason Kipnis lines out to center fielder Delino DeShields.,R,L,R,CLE,TEX,S,,,0.0,0.0,2017.0,0.34,-0.24,-0.4,3.05,,467793.0,,2.0,8.0,Bot,,,,,455139.0,,,2.85447268053282,-116.75196628196,-0.0780770681201756,2.47707232676814,23.5112419052543,-34.5677817353035,3.22,1.4,,,,79.5,2339.0,5.9,491264.0,605309.0,455139.0,608336.0,596059.0,134181.0,462101.0,608577.0,592261.0,425783.0,54.58,,,,,,,,56.0,1.0,Curveball,1.0,1.0,1.0,1.0,1.0,1.0,1.0,1.0,Standard,Standard,39.0,0.0,-0.046
27,3187,FF,2017-06-27,93.3,-1.54,6.61,"Kela, Keone",543228.0,605309.0,field_out,hit_into_play,,,,,9.0,"Yan Gomes grounds out, third baseman Adrian Beltre to first baseman Joey Gallo.",R,R,R,CLE,TEX,X,5.0,ground_ball,1.0,0.0,2017.0,-0.39,1.58,0.79,1.44,,467793.0,,1.0,8.0,Bot,109.08,171.11,,,455139.0,,,6.82001615158427,-135.088905189619,-10.8924899780608,-6.24119394078484,28.9933807375767,-10.7498024256468,3.14,1.32,93.0,43.4,29.0,93.0,2255.0,6.3,491264.0,605309.0,455139.0,608336.0,596059.0,134181.0,462101.0,608577.0,592261.0,425783.0,54.17,0.073,0.066,0.0,1.0,0.0,0.0,1.0,55.0,2.0,4-Seam Fastball,1.0,1.0,1.0,1.0,1.0,1.0,1.0,1.0,Standard,Standard,195.0,-0.072,-0.382
28,3382,CU,2017-06-27,80.3,-1.99,6.38,"Kela, Keone",543228.0,605309.0,,ball,,,,,13.0,"Yan Gomes grounds out, third baseman Adrian Beltre to first baseman Joey Gallo.",R,R,R,CLE,TEX,B,,,0.0,0.0,2017.0,-0.02,-0.23,-0.87,2.04,,467793.0,,1.0,8.0,Bot,,,,,455139.0,,,2.49794891315833,-116.67956267354,-2.43370468649555,-0.682205437124075,23.0538704528287,-34.0457827633313,3.39,1.47,,,,79.4,2210.0,5.9,491264.0,605309.0,455139.0,608336.0,596059.0,134181.0,462101.0,608577.0,592261.0,425783.0,54.63,,,,,,,,55.0,1.0,Curveball,1.0,1.0,1.0,1.0,1.0,1.0,1.0,1.0,Standard,Standard,357.0,0.0,0.048
29,3496,FF,2017-06-27,95.3,-1.64,6.54,"Kela, Keone",605548.0,605309.0,strikeout,swinging_strike,,,,,8.0,Bradley Zimmer strikes out swinging.  Carlos Santana steals (3) 2nd base.,R,L,R,CLE,TEX,S,2.0,,3.0,2.0,2017.0,-0.56,1.47,0.15,1.44,,,467793.0,0.0,8.0,Bot,,,,,455139.0,,,5.98111956353141,-138.103772712671,-11.0952009000334,-8.53944701078834,30.1185026478548,-10.8523002505055,3.81,1.53,,,,95.6,2193.0,6.7,491264.0,605309.0,455139.0,608336.0,596059.0,134181.0,462101.0,608577.0,592261.0,425783.0,53.85,,,0.0,1.0,0.0,0.0,,54.0,9.0,4-Seam Fastball,1.0,1.0,1.0,1.0,1.0,1.0,1.0,1.0,Standard,Strategic,202.0,-0.016,-0.516
30,3612,CU,2017-06-27,81.3,-1.73,6.39,"Kela, Keone",605548.0,605309.0,,foul,,,,,5.0,Bradley Zimmer strikes out swinging.  Carlos Santana steals (3) 2nd base.,R,L,R,CLE,TEX,S,,,3.0,2.0,2017.0,0.31,0.06,-0.01,2.99,,,467793.0,0.0,8.0,Bot,,,,,455139.0,,,3.25267178012947,-118.332560481201,-1.19781099872925,2.34659598633281,20.3525195450323,-31.6113769278613,3.81,1.53,197.0,80.4,66.0,81.1,2299.0,5.9,491264.0,605309.0,455139.0,608336.0,596059.0,134181.0,462101.0,608577.0,592261.0,425783.0,54.57,,,,,,,,54.0,8.0,Curveball,1.0,1.0,1.0,1.0,1.0,1.0,1.0,1.0,Standard,Strategic,77.0,0.0,0.0
31,3716,FF,2017-06-27,94.7,-1.66,6.48,"Kela, Keone",605548.0,605309.0,,foul,,,,,9.0,Bradley Zimmer strikes out swinging.  Carlos Santana steals (3) 2nd base.,R,L,R,CLE,TEX,S,,,3.0,2.0,2017.0,-0.32,1.53,0.71,1.6,,,467793.0,0.0,8.0,Bot,,,,,455139.0,,,6.92871579003931,-137.192568144102,-10.4693547340735,-5.63831792551377,30.1294342676799,-10.6145913240984,3.81,1.53,,,,94.8,2177.0,6.6,491264.0,605309.0,455139.0,608336.0,596059.0,134181.0,462101.0,608577.0,592261.0,425783.0,53.93,,,,,,,,54.0,7.0,4-Seam Fastball,1.0,1.0,1.0,1.0,1.0,1.0,1.0,1.0,Standard,Strategic,193.0,0.0,0.0
32,3794,FF,2017-06-27,95.8,-1.61,6.54,"Kela, Keone",605548.0,605309.0,,foul,,,,,8.0,Bradley Zimmer strikes out swinging.  Carlos Santana steals (3) 2nd base.,R,L,R,CLE,TEX,S,,,3.0,2.0,2017.0,-0.31,1.76,0.11,2.1,,,467793.0,0.0,8.0,Bot,,,,,455139.0,,,5.24686779816745,-138.907210752272,-10.1282389748231,-5.18195471785824,30.3743754880878,-7.13233580983012,3.81,1.53,1.0,53.8,-57.0,96.2,2274.0,6.6,491264.0,605309.0,455139.0,608336.0,596059.0,134181.0,462101.0,608577.0,592261.0,425783.0,53.85,,,,,,,,54.0,6.0,4-Seam Fastball,1.0,1.0,1.0,1.0,1.0,1.0,1.0,1.0,Standard,Strategic,191.0,0.0,0.0
33,3899,CU,2017-06-27,79.7,-1.83,6.44,"Kela, Keone",605548.0,605309.0,,ball,,,,,11.0,Bradley Zimmer strikes out swinging.  Carlos Santana steals (3) 2nd base.,R,L,R,CLE,TEX,B,,,2.0,2.0,2017.0,0.03,-0.47,-0.89,3.35,,,467793.0,0.0,8.0,Bot,,,,,455139.0,,,2.00184421452521,-115.81913221642,0.777112805455312,-0.132522471397729,20.6011644075679,-36.703443983192,3.4,1.61,,,,79.1,2223.0,5.8,491264.0,605309.0,455139.0,608336.0,596059.0,134181.0,462101.0,608577.0,592261.0,425783.0,54.67,,,,,,,,54.0,5.0,Curveball,1.0,1.0,1.0,1.0,1.0,1.0,1.0,1.0,Standard,Strategic,2.0,0.0,0.174
34,4013,CU,2017-06-27,79.7,-1.96,6.39,"Kela, Keone",605548.0,605309.0,,swinging_strike,,,,,7.0,Bradley Zimmer strikes out swinging.  Carlos Santana steals (3) 2nd base.,R,L,R,CLE,TEX,S,,,2.0,1.0,2017.0,0.03,-0.28,-0.55,2.24,,,467793.0,0.0,8.0,Bot,,,,,455139.0,,,3.00656785133157,-115.837279824628,-1.85759122683535,-0.27541468749786,21.2148698985254,-34.5670269576177,3.81,1.53,,,,79.2,2180.0,6.0,491264.0,605309.0,455139.0,608336.0,596059.0,134181.0,462101.0,608577.0,592261.0,425783.0,54.54,,,,,,,,54.0,4.0,Curveball,1.0,1.0,1.0,1.0,1.0,1.0,1.0,1.0,Standard,Strategic,4.0,0.0,-0.116
35,4192,FF,2017-06-27,94.3,-1.68,6.57,"Kela, Keone",605548.0,605309.0,,ball,,,,,13.0,Bradley Zimmer strikes out swinging.  Carlos Santana steals (3) 2nd base.,R,L,R,CLE,TEX,B,,,1.0,1.0,2017.0,-0.22,1.77,-0.09,1.05,,,467793.0,0.0,8.0,Bot,,,,,455139.0,,,4.5991592417114,-136.656195966588,-12.5331617149754,-3.68561167373789,28.6954808466232,-7.38170236116767,3.73,1.78,,,,94.3,2244.0,6.4,491264.0,605309.0,455139.0,608336.0,596059.0,134181.0,462101.0,608577.0,592261.0,425783.0,54.07,,,,,,,,54.0,3.0,4-Seam Fastball,1.0,1.0,1.0,1.0,1.0,1.0,1.0,1.0,Standard,Strategic,187.0,0.0,0.102
36,4281,CU,2017-06-27,76.7,-1.96,6.44,"Kela, Keone",605548.0,605309.0,,called_strike,,,,,7.0,Bradley Zimmer strikes out swinging.  Carlos Santana steals (3) 2nd base.,R,L,R,CLE,TEX,S,,,1.0,0.0,2017.0,0.04,-0.26,-0.76,2.3,,,467793.0,0.0,8.0,Bot,,,,,455139.0,,,2.44807596641297,-111.373319508536,-1.25567755128613,-0.159583611245736,20.6332268005395,-34.2917127485956,3.75,1.83,,,,75.5,2091.0,5.6,491264.0,605309.0,455139.0,608336.0,596059.0,134181.0,462101.0,608577.0,592261.0,425783.0,54.91,,,,,,,,54.0,2.0,Curveball,1.0,1.0,1.0,1.0,1.0,1.0,1.0,1.0,Standard,Strategic,5.0,0.0,-0.084
37,4395,FF,2017-06-27,94.3,-1.71,6.69,"Kela, Keone",605548.0,605309.0,,ball,,,,,11.0,Bradley Zimmer strikes out swinging.  Carlos Santana steals (3) 2nd base.,R,L,R,CLE,TEX,B,,,0.0,0.0,2017.0,-0.09,1.81,-0.5,3.44,,,467793.0,0.0,8.0,Bot,,,,,455139.0,,,3.30698967887154,-136.923265763822,-6.73869274042609,-1.78039822149636,29.143152913714,-8.15754114994424,3.27,1.53,,,,94.3,2147.0,6.3,491264.0,605309.0,455139.0,608336.0,596059.0,134181.0,462101.0,608577.0,592261.0,425783.0,54.2,,,,,,,,54.0,1.0,4-Seam Fastball,1.0,1.0,1.0,1.0,1.0,1.0,1.0,1.0,Standard,Strategic,183.0,0.0,0.065
38,2512,SL,2017-06-27,82.7,-2.15,5.43,"Leclerc, José",467793.0,600917.0,hit_by_pitch,hit_by_pitch,,,,,14.0,Carlos Santana hit by pitch.,R,L,R,CLE,TEX,B,,,2.0,1.0,2017.0,0.61,0.62,2.83,-0.09,,,,0.0,8.0,Bot,,,,,455139.0,,,10.0075239681909,-119.774878421014,-7.14689663261615,4.04506292263313,20.0384822076884,-25.3487736162294,3.31,1.43,,,,81.4,,5.4,491264.0,600917.0,455139.0,608336.0,596059.0,134181.0,462101.0,608577.0,592261.0,425783.0,55.1,,,0.7,1.0,0.0,0.0,,53.0,4.0,Slider,1.0,1.0,1.0,1.0,1.0,1.0,1.0,1.0,Infield shift,Strategic,129.0,0.064,0.35
39,2595,CU,2017-06-27,78.9,-1.98,5.55,"Leclerc, José",467793.0,600917.0,,ball,,,,,13.0,Carlos Santana hit by pitch.,R,L,R,CLE,TEX,B,,,1.0,1.0,2017.0,0.67,-0.2,-0.09,1.09,,,,0.0,8.0,Bot,,,,,455139.0,,,2.85659952518214,-114.635316150875,-2.56106044618617,5.16972620492337,19.0766125277206,-33.6637836360579,3.44,1.43,,,,77.2,2616.0,4.9,491264.0,600917.0,455139.0,608336.0,596059.0,134181.0,462101.0,608577.0,592261.0,425783.0,55.57,,,,,,,,53.0,3.0,Curveball,1.0,1.0,1.0,1.0,1.0,1.0,1.0,1.0,Infield shift,Strategic,63.0,0.0,0.05
40,2618,SL,2017-06-27,82.2,-2.18,5.53,"Leclerc, José",467793.0,600917.0,,called_strike,,,,,8.0,Carlos Santana hit by pitch.,R,L,R,CLE,TEX,S,,,1.0,0.0,2017.0,0.43,0.88,0.05,1.81,,,,0.0,8.0,Bot,,,,,455139.0,,,4.16836906523081,-119.299365573844,-3.45910426642991,3.19100982989258,22.4397195344567,-23.6400312083239,3.44,1.45,,,,80.9,2349.0,5.5,491264.0,600917.0,455139.0,608336.0,596059.0,134181.0,462101.0,608577.0,592261.0,425783.0,55.01,,,,,,,,53.0,2.0,Slider,1.0,1.0,1.0,1.0,1.0,1.0,1.0,1.0,Infield shift,Strategic,149.0,0.0,-0.046
41,2686,SI,2017-06-27,94.6,-1.82,5.68,"Leclerc, José",467793.0,600917.0,,ball,,,,,13.0,Carlos Santana hit by pitch.,R,L,R,CLE,TEX,B,,,0.0,0.0,2017.0,-1.27,1.48,-1.19,2.09,,,,0.0,8.0,Bot,,,,,455139.0,,,4.2383845317176,-137.156216881915,-6.6553192887909,-16.34167942545,29.7398282029369,-13.0054425358008,3.48,1.46,,,,92.5,2673.0,5.2,491264.0,600917.0,455139.0,608336.0,596059.0,134181.0,462101.0,608577.0,592261.0,425783.0,55.29,,,,,,,,53.0,1.0,Sinker,1.0,1.0,1.0,1.0,1.0,1.0,1.0,1.0,Infield shift,Strategic,223.0,0.0,0.036
42,2713,SL,2017-06-27,84.4,2.16,5.21,"Miller, Andrew",592261.0,453192.0,strikeout,called_strike,,,,,5.0,Delino DeShields called out on strikes.,R,R,L,CLE,TEX,S,2.0,,1.0,2.0,2017.0,-1.22,-0.03,0.27,2.51,,,455139.0,2.0,8.0,Top,,,,,543228.0,,,-1.97145356840152,-122.73908095716,0.154271920198128,-11.9151270265058,24.1295181281427,-32.7518896242265,3.32,1.48,,,,84.5,2673.0,6.4,491264.0,453192.0,543228.0,467793.0,543401.0,608070.0,596019.0,488726.0,605548.0,502082.0,54.12,,,0.0,1.0,0.0,0.0,,52.0,5.0,Slider,1.0,1.0,1.0,1.0,1.0,1.0,1.0,1.0,Standard,Strategic,278.0,0.051,-0.156
43,2794,FF,2017-06-27,96.6,1.93,5.56,"Miller, Andrew",592261.0,453192.0,,foul,,,,,12.0,Delino DeShields called out on strikes.,R,R,L,CLE,TEX,S,,,1.0,2.0,2017.0,0.81,1.57,0.21,3.33,,,455139.0,2.0,8.0,Top,,,,,543228.0,,,-6.53152463722025,-140.47862117768,-4.06035363061142,12.4587664325051,31.109828671998,-10.2417061029911,3.21,1.3,,,,97.8,2333.0,6.9,491264.0,453192.0,543228.0,467793.0,543401.0,608070.0,596019.0,488726.0,605548.0,502082.0,53.57,,,,,,,,52.0,4.0,4-Seam Fastball,1.0,1.0,1.0,1.0,1.0,1.0,1.0,1.0,Standard,Standard,151.0,0.0,0.0
44,2881,SL,2017-06-27,83.3,2.23,5.1,"Miller, Andrew",592261.0,453192.0,,swinging_strike,,,,,13.0,Delino DeShields called out on strikes.,R,R,L,CLE,TEX,S,,,1.0,1.0,2017.0,-1.18,-0.45,-1.41,1.33,,,455139.0,2.0,8.0,Top,,,,,543228.0,,,-6.06485664926968,-121.085141841582,-1.31872700320604,-10.4188445500446,24.212449016701,-36.603634540896,3.21,1.3,,,,83.5,2822.0,6.6,491264.0,453192.0,543228.0,467793.0,543401.0,608070.0,596019.0,488726.0,605548.0,502082.0,53.94,,,,,,,,52.0,3.0,Slider,1.0,1.0,1.0,1.0,1.0,1.0,1.0,1.0,Standard,Standard,297.0,0.0,-0.055
45,2949,SL,2017-06-27,83.2,2.28,5.06,"Miller, Andrew",592261.0,453192.0,,swinging_strike,,,,,7.0,Delino DeShields called out on strikes.,R,R,L,CLE,TEX,S,,,1.0,0.0,2017.0,-1.04,-0.29,-0.68,1.26,,,455139.0,2.0,8.0,Top,,,,,543228.0,,,-4.76949654754402,-120.91633228138,-1.66142505530864,-9.23396636295726,24.4716061333798,-34.909733879413,3.21,1.3,,,,83.1,2808.0,6.4,491264.0,453192.0,543228.0,467793.0,543401.0,608070.0,596019.0,488726.0,605548.0,502082.0,54.12,,,,,,,,52.0,2.0,Slider,1.0,1.0,1.0,1.0,1.0,1.0,1.0,1.0,Standard,Standard,293.0,0.0,-0.042
46,3069,FF,2017-06-27,94.4,1.87,5.42,"Miller, Andrew",592261.0,453192.0,,ball,,,,,13.0,Delino DeShields called out on strikes.,R,R,L,CLE,TEX,B,,,0.0,0.0,2017.0,0.93,1.35,-1.74,2.12,,,455139.0,2.0,8.0,Top,,,,,543228.0,,,-11.637861742649,-136.893525130754,-6.02055969276924,14.4584326287134,28.8405291389577,-13.5543463644378,3.3,1.51,,,,95.7,2303.0,7.1,491264.0,453192.0,543228.0,467793.0,543401.0,608070.0,596019.0,488726.0,605548.0,502082.0,53.4,,,,,,,,52.0,1.0,4-Seam Fastball,1.0,1.0,1.0,1.0,1.0,1.0,1.0,1.0,Standard,Standard,143.0,0.0,0.026
47,3164,SL,2017-06-27,83.2,2.21,5.01,"Miller, Andrew",608336.0,453192.0,strikeout,swinging_strike,,,,,13.0,Joey Gallo strikes out swinging.,R,L,L,CLE,TEX,S,2.0,,1.0,2.0,2017.0,-1.33,0.17,-1.27,1.72,,,455139.0,1.0,8.0,Top,,,,,543228.0,,,-5.38353880488484,-120.974669796456,-1.42783623600655,-12.0633374230445,23.8684523396961,-30.4619375040179,3.51,1.52,,,,83.4,2728.0,6.5,491264.0,453192.0,543228.0,467793.0,543401.0,608070.0,596019.0,488726.0,605548.0,502082.0,54.03,,,0.0,1.0,0.0,0.0,,51.0,4.0,Slider,1.0,1.0,1.0,1.0,1.0,1.0,1.0,1.0,Infield shift,Standard,269.0,0.057,-0.216
48,3202,SL,2017-06-27,84.4,2.04,5.2,"Miller, Andrew",608336.0,453192.0,,ball,,,,,13.0,Joey Gallo strikes out swinging.,R,L,L,CLE,TEX,B,,,0.0,2.0,2017.0,-1.04,0.26,-1.39,1.58,,,455139.0,1.0,8.0,Top,,,,,543228.0,,,-5.92039643987398,-122.6556895342,-2.58131179985021,-9.41950880680247,24.0518498124548,-29.19283038706,3.88,1.71,,,,84.6,2838.0,6.5,491264.0,453192.0,543228.0,467793.0,543401.0,608070.0,596019.0,488726.0,605548.0,502082.0,54.04,,,,,,,,51.0,3.0,Slider,1.0,1.0,1.0,1.0,1.0,1.0,1.0,1.0,Infield shift,Standard,263.0,0.0,0.015
49,3353,SL,2017-06-27,84.6,2.16,5.26,"Miller, Andrew",608336.0,453192.0,,swinging_strike,,,,,13.0,Joey Gallo strikes out swinging.,R,L,L,CLE,TEX,S,,,0.0,1.0,2017.0,-0.98,0.36,-0.87,1.36,,,455139.0,1.0,8.0,Top,,,,,543228.0,,,-5.12205251480279,-122.934768539398,-3.4335428510937,-8.84733146393597,24.6330972385618,-28.1117614423502,3.51,1.52,,,,84.5,2811.0,6.3,491264.0,453192.0,543228.0,467793.0,543401.0,608070.0,596019.0,488726.0,605548.0,502082.0,54.2,,,,,,,,51.0,2.0,Slider,1.0,1.0,1.0,1.0,1.0,1.0,1.0,1.0,Infield shift,Standard,258.0,0.0,-0.066
50,3449,SL,2017-06-27,84.9,2.23,5.1,"Miller, Andrew",608336.0,453192.0,,swinging_strike,,,,,7.0,Joey Gallo strikes out swinging.,R,L,L,CLE,TEX,S,,,0.0,0.0,2017.0,-0.82,0.13,-0.37,2.11,,,455139.0,1.0,8.0,Top,,,,,543228.0,,,-4.46767997971761,-123.43047752155,-0.974627441810431,-7.59508383139808,23.5251667643089,-30.8552476361144,3.51,1.52,,,,85.3,2790.0,6.5,491264.0,453192.0,543228.0,467793.0,543401.0,608070.0,596019.0,488726.0,605548.0,502082.0,54.03,,,,,,,,51.0,1.0,Slider,1.0,1.0,1.0,1.0,1.0,1.0,1.0,1.0,Infield shift,Standard,270.0,0.0,-0.046
51,3585,FF,2017-06-27,94.0,2.04,5.39,"Miller, Andrew",455139.0,453192.0,walk,ball,,,,,12.0,Robinson Chirinos walks.,R,R,L,CLE,TEX,B,,,3.0,1.0,2017.0,0.91,1.37,2.01,3.5,,,,1.0,8.0,Top,,,,,543228.0,,,-2.17457587685071,-136.759905513266,-2.27762412741555,12.1618742028547,30.7850045776189,-14.3471847313935,3.2,1.48,,,,94.9,2190.0,6.9,491264.0,453192.0,543228.0,467793.0,543401.0,608070.0,596019.0,488726.0,605548.0,502082.0,53.61,,,0.7,1.0,0.0,0.0,,50.0,5.0,4-Seam Fastball,1.0,1.0,1.0,1.0,1.0,1.0,1.0,1.0,Standard,Standard,144.0,-0.049,0.155
52,3674,FF,2017-06-27,94.4,1.94,5.59,"Miller, Andrew",455139.0,453192.0,,ball,,,,,12.0,Robinson Chirinos walks.,R,R,L,CLE,TEX,B,,,2.0,1.0,2017.0,0.98,1.59,1.01,3.14,,,,1.0,8.0,Top,,,,,543228.0,,,-4.67110362480497,-137.207644910969,-4.3003821529456,13.5971635395827,31.1978075129934,-10.9139111641896,3.25,1.56,,,,95.2,2227.0,6.9,491264.0,453192.0,543228.0,467793.0,543401.0,608070.0,596019.0,488726.0,605548.0,502082.0,53.62,,,,,,,,50.0,4.0,4-Seam Fastball,1.0,1.0,1.0,1.0,1.0,1.0,1.0,1.0,Standard,Standard,146.0,0.0,0.072
53,3787,SL,2017-06-27,82.0,2.09,5.12,"Miller, Andrew",455139.0,453192.0,,called_strike,,,,,4.0,Robinson Chirinos walks.,R,R,L,CLE,TEX,S,,,2.0,0.0,2017.0,-1.28,0.27,-0.63,2.5,,,,1.0,8.0,Top,,,,,543228.0,,,-3.70344066504526,-119.25583879569,0.107110765940634,-11.5571576725811,22.7788908847276,-29.8027149034024,3.2,1.47,,,,82.2,2692.0,6.4,491264.0,453192.0,543228.0,467793.0,543401.0,608070.0,596019.0,488726.0,605548.0,502082.0,54.07,,,,,,,,50.0,3.0,Slider,1.0,1.0,1.0,1.0,1.0,1.0,1.0,1.0,Standard,Standard,265.0,0.0,-0.039
54,3910,SL,2017-06-27,82.1,2.1,5.1,"Miller, Andrew",455139.0,453192.0,,ball,,,,,14.0,Robinson Chirinos walks.,R,R,L,CLE,TEX,B,,,1.0,0.0,2017.0,-1.18,-0.39,0.83,2.16,,,,1.0,8.0,Top,,,,,543228.0,,,-0.621957297780558,-119.397050557769,0.620822462601058,-11.1101134058374,22.25801544803,-36.2005567131608,3.04,1.4,,,,82.0,2614.0,6.2,491264.0,453192.0,543228.0,467793.0,543401.0,608070.0,596019.0,488726.0,605548.0,502082.0,54.3,,,,,,,,50.0,2.0,Slider,1.0,1.0,1.0,1.0,1.0,1.0,1.0,1.0,Standard,Standard,294.0,0.0,0.046
55,4035,FF,2017-06-27,94.5,1.9,5.45,"Miller, Andrew",455139.0,453192.0,,ball,,,,,12.0,Robinson Chirinos walks.,R,R,L,CLE,TEX,B,,,0.0,0.0,2017.0,0.84,1.03,0.68,4.07,,,,1.0,8.0,Top,,,,,543228.0,,,-5.15160284214688,-137.457974852154,-0.26530334977718,12.0509235888407,29.480639728946,-18.8961091461377,3.2,1.59,,,,95.7,2251.0,7.0,491264.0,453192.0,543228.0,467793.0,543401.0,608070.0,596019.0,488726.0,605548.0,502082.0,53.55,,,,,,,,50.0,1.0,4-Seam Fastball,1.0,1.0,1.0,1.0,1.0,1.0,1.0,1.0,Standard,Standard,137.0,0.0,0.026
56,4197,SL,2017-06-27,84.0,2.16,5.13,"Miller, Andrew",596059.0,453192.0,strikeout,swinging_strike,,,,,4.0,Rougned Odor strikes out swinging.,R,L,L,CLE,TEX,S,2.0,,0.0,2.0,2017.0,-1.07,-0.25,-0.81,1.91,,,,0.0,8.0,Top,,,,,543228.0,,,-4.78934229417328,-122.23438925611,-0.583995662908327,-9.84195122721375,23.7292733267735,-34.7800716942442,2.94,1.18,,,,84.3,2663.0,6.4,491264.0,453192.0,543228.0,467793.0,543401.0,608070.0,596019.0,488726.0,605548.0,502082.0,54.08,,,0.0,1.0,0.0,0.0,,49.0,3.0,Slider,1.0,1.0,1.0,1.0,1.0,1.0,1.0,1.0,Infield shift,Standard,290.0,0.046,-0.152
57,4315,FF,2017-06-27,93.1,2.06,5.39,"Miller, Andrew",596059.0,453192.0,,foul,,,,,2.0,Rougned Odor strikes out swinging.,R,L,L,CLE,TEX,S,,,0.0,1.0,2017.0,0.72,1.28,0.16,2.87,,,,0.0,8.0,Top,,,,,543228.0,,,-6.50839787727004,-135.407411599765,-3.59858867070611,10.3687575368889,27.4209775398395,-15.6549761663625,2.94,1.18,171.0,72.5,64.0,93.9,2072.0,6.6,491264.0,453192.0,543228.0,467793.0,543401.0,608070.0,596019.0,488726.0,605548.0,502082.0,53.85,,,,,,,,49.0,2.0,4-Seam Fastball,1.0,1.0,1.0,1.0,1.0,1.0,1.0,1.0,Infield shift,Standard,148.0,0.0,-0.056
58,4406,SL,2017-06-27,83.5,2.14,5.08,"Miller, Andrew",596059.0,453192.0,,called_strike,,,,,6.0,Rougned Odor strikes out swinging.,R,L,L,CLE,TEX,S,,,0.0,0.0,2017.0,-0.48,0.31,0.46,2.52,,,,0.0,8.0,Top,,,,,543228.0,,,-2.93139320972204,-121.598876438606,-0.177308941254514,-4.32145814498727,20.3842604957103,-29.2251646760085,3.1,1.26,,,,84.3,2485.0,6.5,491264.0,453192.0,543228.0,467793.0,543401.0,608070.0,596019.0,488726.0,605548.0,502082.0,54.04,,,,,,,,49.0,1.0,Slider,1.0,1.0,1.0,1.0,1.0,1.0,1.0,1.0,Infield shift,Standard,249.0,0.0,-0.037
59,2820,CU,2017-06-27,80.1,-1.77,5.6,"Leclerc, José",502082.0,600917.0,strikeout,swinging_strike_blocked,,,,,14.0,"Lonnie Chisenhall strikes out swinging, catcher Robinson Chirinos to first baseman Joey Gallo.",R,L,R,CLE,TEX,S,2.0,,2.0,2.0,2017.0,0.63,-0.64,0.95,0.42,,,,2.0,7.0,Bot,,,,,455139.0,,,4.75668878014919,-116.170587100956,-3.4629334350713,4.47374430474633,22.1265277203,-37.3137287916233,3.34,1.47,,,,77.8,2660.0,4.9,491264.0,600917.0,455139.0,608336.0,596059.0,134181.0,462101.0,608577.0,592261.0,425783.0,55.61,,,0.0,1.0,0.0,0.0,,48.0,6.0,Curveball,1.0,1.0,1.0,1.0,1.0,1.0,1.0,1.0,Standard,Standard,38.0,-0.02,-0.089
60,2890,CH,2017-06-27,87.6,-1.76,5.38,"Leclerc, José",502082.0,600917.0,,foul,,,,,13.0,"Lonnie Chisenhall strikes out swinging, catcher Robinson Chirinos to first baseman Joey Gallo.",R,L,R,CLE,TEX,S,,,2.0,2.0,2017.0,-0.87,0.73,-0.89,1.8,,,,2.0,7.0,Bot,,,,,455139.0,,,3.75805157212195,-127.285535675505,-3.98630968388333,-9.93460449793599,23.1013943804794,-23.9172904789688,3.34,1.47,4.0,34.0,-23.0,86.7,2263.0,5.5,491264.0,600917.0,455139.0,608336.0,596059.0,134181.0,462101.0,608577.0,592261.0,425783.0,54.99,,,,,,,,48.0,5.0,Changeup,1.0,1.0,1.0,1.0,1.0,1.0,1.0,1.0,Standard,Standard,235.0,0.0,0.0
61,2951,SL,2017-06-27,83.2,-2.1,5.51,"Leclerc, José",502082.0,600917.0,,foul,,,,,13.0,"Lonnie Chisenhall strikes out swinging, catcher Robinson Chirinos to first baseman Joey Gallo.",R,L,R,CLE,TEX,S,,,2.0,1.0,2017.0,0.32,0.84,-0.15,1.29,,,,2.0,7.0,Bot,,,,,455139.0,,,3.78836119128097,-120.757033384068,-4.71388923972471,2.33376998378306,23.0118160111317,-23.5749116273272,3.34,1.47,222.0,76.8,24.0,81.9,2400.0,5.5,491264.0,600917.0,455139.0,608336.0,596059.0,134181.0,462101.0,608577.0,592261.0,425783.0,55.02,,,,,,,,48.0,4.0,Slider,1.0,1.0,1.0,1.0,1.0,1.0,1.0,1.0,Standard,Standard,155.0,0.0,-0.033
62,3018,SL,2017-06-27,81.2,-2.18,5.41,"Leclerc, José",502082.0,600917.0,,ball,,,,,11.0,"Lonnie Chisenhall strikes out swinging, catcher Robinson Chirinos to first baseman Joey Gallo.",R,L,R,CLE,TEX,B,,,1.0,1.0,2017.0,0.18,0.71,-1.36,3.9,,,,2.0,7.0,Bot,,,,,455139.0,,,1.46984227168857,-118.021662637386,1.83778874876925,1.42515189050176,20.429085295134,-26.1683636878929,3.53,1.47,,,,80.6,2313.0,5.7,491264.0,600917.0,455139.0,608336.0,596059.0,134181.0,462101.0,608577.0,592261.0,425783.0,54.76,,,,,,,,48.0,3.0,Slider,1.0,1.0,1.0,1.0,1.0,1.0,1.0,1.0,Standard,Standard,162.0,0.0,0.02
63,3173,CU,2017-06-27,78.7,-1.82,5.8,"Leclerc, José",502082.0,600917.0,,ball,,,,,13.0,"Lonnie Chisenhall strikes out swinging, catcher Robinson Chirinos to first baseman Joey Gallo.",R,L,R,CLE,TEX,B,,,0.0,1.0,2017.0,0.62,-0.02,-1.74,2.47,,,,2.0,7.0,Bot,,,,,455139.0,,,-0.884817832553191,-114.272022271941,-0.397088761530953,5.31475994818601,19.8085124722252,-32.5729815725679,3.63,1.56,,,,76.9,2532.0,5.0,491264.0,600917.0,455139.0,608336.0,596059.0,134181.0,462101.0,608577.0,592261.0,425783.0,55.55,,,,,,,,48.0,2.0,Curveball,1.0,1.0,1.0,1.0,1.0,1.0,1.0,1.0,Standard,Standard,72.0,0.0,0.014
64,3228,FF,2017-06-27,95.7,-1.62,5.64,"Leclerc, José",502082.0,600917.0,,foul,,,,,8.0,"Lonnie Chisenhall strikes out swinging, catcher Robinson Chirinos to first baseman Joey Gallo.",R,L,R,CLE,TEX,S,,,0.0,0.0,2017.0,-0.81,1.47,0.21,1.73,,,,2.0,7.0,Bot,,,,,455139.0,,,6.43751465634037,-138.753126666002,-7.78696489339963,-11.5254143362697,28.903539395187,-12.2156033454977,3.34,1.47,190.0,72.7,32.0,94.3,2728.0,5.5,491264.0,600917.0,455139.0,608336.0,596059.0,134181.0,462101.0,608577.0,592261.0,425783.0,54.99,,,,,,,,48.0,1.0,4-Seam Fastball,1.0,1.0,1.0,1.0,1.0,1.0,1.0,1.0,Standard,Standard,211.0,0.0,-0.018
65,3392,FF,2017-06-27,96.1,-1.64,5.69,"Leclerc, José",608070.0,600917.0,field_out,hit_into_play,,,,,11.0,Jose Ramirez pops out to shortstop Elvis Andrus.,R,L,R,CLE,TEX,X,6.0,popup,2.0,1.0,2017.0,-1.1,1.55,-0.01,3.47,,,,1.0,7.0,Bot,102.94,122.24,,,455139.0,,,6.60347445472487,-139.291150890273,-3.56578679339019,-15.4574044340397,31.745024973886,-12.0614622409726,3.23,1.4,194.0,90.2,61.0,94.4,2710.0,5.5,491264.0,600917.0,455139.0,608336.0,596059.0,134181.0,462101.0,608577.0,592261.0,425783.0,54.99,0.027,0.028,0.0,1.0,0.0,0.0,3.0,47.0,4.0,4-Seam Fastball,1.0,1.0,1.0,1.0,1.0,1.0,1.0,1.0,Standard,Standard,218.0,-0.028,-0.204
66,3477,FF,2017-06-27,95.2,-1.68,5.84,"Leclerc, José",608070.0,600917.0,,foul,,,,,12.0,Jose Ramirez pops out to shortstop Elvis Andrus.,R,L,R,CLE,TEX,S,,,2.0,0.0,2017.0,-0.32,1.59,0.54,3.66,,,,1.0,7.0,Bot,,,,,455139.0,,,6.38851510586828,-138.134066897468,-3.42471392204475,-5.37793635925105,29.1803242871731,-12.0234620572953,3.23,1.4,,,,93.5,2734.0,5.3,491264.0,600917.0,455139.0,608336.0,596059.0,134181.0,462101.0,608577.0,592261.0,425783.0,55.17,,,,,,,,47.0,3.0,4-Seam Fastball,1.0,1.0,1.0,1.0,1.0,1.0,1.0,1.0,Standard,Standard,192.0,0.0,-0.039
67,3599,CH,2017-06-27,88.5,-2.03,5.41,"Leclerc, José",608070.0,600917.0,,ball,,,,,14.0,Jose Ramirez pops out to shortstop Elvis Andrus.,R,L,R,CLE,TEX,B,,,1.0,0.0,2017.0,-0.73,1.13,0.91,0.79,,,,1.0,7.0,Bot,,,,,455139.0,,,8.41286422515,-128.139861368548,-7.28147016248309,-9.35160643070743,24.3792130763092,-18.9520020829312,3.64,1.54,,,,86.8,2201.0,5.3,491264.0,600917.0,455139.0,608336.0,596059.0,134181.0,462101.0,608577.0,592261.0,425783.0,55.21,,,,,,,,47.0,2.0,Changeup,1.0,1.0,1.0,1.0,1.0,1.0,1.0,1.0,Standard,Standard,216.0,0.0,0.046
68,3709,SL,2017-06-27,80.7,-1.96,5.64,"Leclerc, José",608070.0,600917.0,,ball,,,,,14.0,Jose Ramirez pops out to shortstop Elvis Andrus.,R,L,R,CLE,TEX,B,,,0.0,0.0,2017.0,0.47,-0.38,0.7,0.16,,,,1.0,7.0,Bot,,,,,455139.0,,,4.92337318478057,-117.067497911275,-4.69762237884915,3.18706943167659,21.7146548612506,-34.9344051769869,3.57,1.55,,,,78.5,2752.0,4.9,491264.0,600917.0,455139.0,608336.0,596059.0,134181.0,462101.0,608577.0,592261.0,425783.0,55.62,,,,,,,,47.0,1.0,Slider,1.0,1.0,1.0,1.0,1.0,1.0,1.0,1.0,Standard,Standard,41.0,0.0,0.026
69,3758,SL,2017-06-27,83.9,-2.13,5.45,"Leclerc, José",429665.0,600917.0,strikeout,swinging_strike,,,,,14.0,Edwin Encarnacion strikes out swinging.,R,R,R,CLE,TEX,S,2.0,,3.0,2.0,2017.0,0.65,0.47,1.01,1.39,,,,0.0,7.0,Bot,,,,,455139.0,,,5.92661430943656,-121.88123798704,-3.8949864370996,5.24643856101903,21.8580001351601,-27.0932125998388,3.36,1.43,,,,82.9,2391.0,5.5,491264.0,600917.0,455139.0,608336.0,596059.0,134181.0,462101.0,608577.0,592261.0,425783.0,54.96,,,0.0,1.0,0.0,0.0,,46.0,6.0,Slider,1.0,1.0,1.0,1.0,1.0,1.0,1.0,1.0,Infield shift,Standard,118.0,-0.038,-0.322
70,3963,FF,2017-06-27,96.4,-1.81,5.73,"Leclerc, José",429665.0,600917.0,,foul,,,,,7.0,Edwin Encarnacion strikes out swinging.,R,R,R,CLE,TEX,S,,,3.0,1.0,2017.0,-0.63,1.7,-0.65,2.02,,,,0.0,7.0,Bot,,,,,455139.0,,,4.35404184490007,-139.843824821804,-7.86763355766316,-8.95775714085894,29.1983948328064,-9.11208198502499,3.36,1.43,,,,94.9,2779.0,5.4,491264.0,600917.0,455139.0,608336.0,596059.0,134181.0,462101.0,608577.0,592261.0,425783.0,55.09,,,,,,,,46.0,5.0,4-Seam Fastball,1.0,1.0,1.0,1.0,1.0,1.0,1.0,1.0,Infield shift,Standard,202.0,0.0,-0.08
71,4113,FC,2017-06-27,87.7,-2.36,5.35,"Leclerc, José",429665.0,600917.0,,ball,,,,,14.0,Edwin Encarnacion strikes out swinging.,R,R,R,CLE,TEX,B,,,2.0,1.0,2017.0,0.36,0.67,1.19,1.91,,,,0.0,7.0,Bot,,,,,455139.0,,,7.6769076564545,-127.138908364881,-3.47381416600774,2.30354911989934,23.4118243025995,-24.7297546210167,3.77,1.63,,,,85.8,2785.0,5.1,491264.0,600917.0,455139.0,608336.0,596059.0,134181.0,462101.0,608577.0,592261.0,425783.0,55.43,,,,,,,,46.0,4.0,Cutter,1.0,1.0,1.0,1.0,1.0,1.0,1.0,1.0,Infield shift,Standard,147.0,0.0,0.117
72,4214,FF,2017-06-27,95.7,-1.76,5.73,"Leclerc, José",429665.0,600917.0,,ball,,,,,14.0,Edwin Encarnacion strikes out swinging.,R,R,R,CLE,TEX,B,,,1.0,1.0,2017.0,-0.26,1.8,1.25,0.36,,,,0.0,7.0,Bot,,,,,455139.0,,,8.29810730433981,-138.324240248905,-12.1060445543989,-4.90367856270136,28.2745624818894,-7.53110177293602,3.72,1.69,,,,93.7,2667.0,5.3,491264.0,600917.0,455139.0,608336.0,596059.0,134181.0,462101.0,608577.0,592261.0,425783.0,55.18,,,,,,,,46.0,3.0,4-Seam Fastball,1.0,1.0,1.0,1.0,1.0,1.0,1.0,1.0,Infield shift,Standard,189.0,0.0,0.05
73,4385,FF,2017-06-27,96.1,-1.77,5.77,"Leclerc, José",429665.0,600917.0,,called_strike,,,,,14.0,Edwin Encarnacion strikes out swinging.,R,R,R,CLE,TEX,S,,,1.0,0.0,2017.0,-0.44,1.73,0.86,2.52,,,,0.0,7.0,Bot,,,,,455139.0,,,7.77921666168475,-139.18033591123,-6.66609844262967,-7.19446169829084,29.3200698113339,-9.06501725191737,3.67,1.55,,,,94.6,2701.0,5.5,491264.0,600917.0,455139.0,608336.0,596059.0,134181.0,462101.0,608577.0,592261.0,425783.0,54.99,,,,,,,,46.0,2.0,4-Seam Fastball,1.0,1.0,1.0,1.0,1.0,1.0,1.0,1.0,Infield shift,Standard,195.0,0.0,-0.046
74,4411,SL,2017-06-27,83.1,-2.44,5.44,"Leclerc, José",429665.0,600917.0,,ball,,,,,14.0,Edwin Encarnacion strikes out swinging.,R,R,R,CLE,TEX,B,,,0.0,0.0,2017.0,0.34,0.78,1.52,0.51,,,,0.0,7.0,Bot,,,,,455139.0,,,8.29343760916091,-120.53327482958,-6.25449465523685,1.85993446199785,20.3150705647192,-23.9132080836561,3.61,1.6,,,,82.2,2392.0,5.5,491264.0,600917.0,455139.0,608336.0,596059.0,134181.0,462101.0,608577.0,592261.0,425783.0,54.95,,,,,,,,46.0,1.0,Slider,1.0,1.0,1.0,1.0,1.0,1.0,1.0,1.0,Infield shift,Standard,152.0,0.0,0.036
75,2932,FC,2017-06-27,94.6,-2.81,5.91,"Shaw, Bryan",435063.0,543766.0,strikeout,swinging_strike,,,,,11.0,Mike Napoli strikes out swinging.,R,R,R,CLE,TEX,S,2.0,,1.0,2.0,2017.0,0.59,0.85,-0.48,3.35,,,,2.0,7.0,Top,,,,,543228.0,,,4.7404934645135,-137.37417434337,-2.81925952248196,6.30928411579467,27.0316554229782,-21.2815149060508,3.11,1.29,,,,93.4,2486.0,5.4,491264.0,543766.0,543228.0,467793.0,543401.0,608070.0,596019.0,488726.0,605548.0,502082.0,55.06,,,0.0,1.0,0.0,0.0,,45.0,4.0,Cutter,1.0,1.0,1.0,1.0,1.0,1.0,1.0,1.0,Standard,Standard,142.0,0.019,-0.073
76,2997,SL,2017-06-27,81.5,-2.9,5.88,"Shaw, Bryan",435063.0,543766.0,,called_strike,,,,,7.0,Mike Napoli strikes out swinging.,R,R,R,CLE,TEX,S,,,1.0,1.0,2017.0,1.21,-0.81,-0.47,1.67,,,,2.0,7.0,Top,,,,,543228.0,,,3.16947823987818,-118.209710352931,-1.31592255918002,10.0081908259028,24.1224878034917,-39.3747008084337,3.37,1.6,,,,78.7,2643.0,4.7,491264.0,543766.0,543228.0,467793.0,543401.0,608070.0,596019.0,488726.0,605548.0,502082.0,55.81,,,,,,,,45.0,3.0,Slider,1.0,1.0,1.0,1.0,1.0,1.0,1.0,1.0,Standard,Standard,51.0,0.0,-0.029
77,3093,FC,2017-06-27,93.7,-2.79,5.84,"Shaw, Bryan",435063.0,543766.0,,ball,,,,,14.0,Mike Napoli strikes out swinging.,R,R,R,CLE,TEX,B,,,0.0,1.0,2017.0,0.47,0.69,0.94,1.55,,,,2.0,7.0,Top,,,,,543228.0,,,8.49673208029712,-135.79865882865,-6.70371931861716,3.97103154210948,26.7347311017385,-22.775249224431,3.41,1.56,,,,92.3,2435.0,5.5,491264.0,543766.0,543228.0,467793.0,543401.0,608070.0,596019.0,488726.0,605548.0,502082.0,55.03,,,,,,,,45.0,2.0,Cutter,1.0,1.0,1.0,1.0,1.0,1.0,1.0,1.0,Standard,Standard,141.0,0.0,0.014
78,3252,FC,2017-06-27,94.4,-2.85,5.75,"Shaw, Bryan",435063.0,543766.0,,foul,,,,,3.0,Mike Napoli strikes out swinging.,R,R,R,CLE,TEX,S,,,0.0,0.0,2017.0,0.36,0.59,0.44,2.87,,,,2.0,7.0,Top,,,,,543228.0,,,7.64089432360252,-137.121639884027,-3.09797302173825,3.07978538558546,24.8965803386794,-24.4735227721582,3.11,1.29,348.0,102.0,44.0,93.5,2487.0,5.5,491264.0,543766.0,543228.0,467793.0,543401.0,608070.0,596019.0,488726.0,605548.0,502082.0,55.02,,,,,,,,45.0,1.0,Cutter,1.0,1.0,1.0,1.0,1.0,1.0,1.0,1.0,Standard,Standard,144.0,0.0,-0.018
79,3393,SL,2017-06-27,79.8,-2.76,5.95,"Shaw, Bryan",608577.0,543766.0,strikeout,called_strike,,,,,13.0,Nomar Mazara called out on strikes.,R,L,R,CLE,TEX,S,2.0,,2.0,2.0,2017.0,1.05,-0.75,-0.89,1.72,,,,1.0,7.0,Top,,,,,543228.0,,,2.21190411775419,-115.80592606411,-1.16841348988533,8.47134274099516,22.5909027842788,-38.6487995251141,3.39,1.55,,,,77.4,2618.0,4.8,491264.0,543766.0,543228.0,467793.0,543401.0,608070.0,596019.0,488726.0,605548.0,502082.0,55.7,,,0.0,1.0,0.0,0.0,,44.0,7.0,Slider,1.0,1.0,1.0,1.0,1.0,1.0,1.0,1.0,Standard,Standard,49.0,0.028,-0.152
80,3489,FC,2017-06-27,93.8,-2.94,6.02,"Shaw, Bryan",608577.0,543766.0,,ball,,,,,11.0,Nomar Mazara called out on strikes.,R,L,R,CLE,TEX,B,,,1.0,2.0,2017.0,0.21,0.95,-0.98,4.0,,,,1.0,7.0,Top,,,,,543228.0,,,4.53110046973826,-136.319360849819,-1.52328174763687,1.64370144872952,25.5394105579966,-20.6645156648256,3.4,1.57,,,,92.3,2380.0,5.1,491264.0,543766.0,543228.0,467793.0,543401.0,608070.0,596019.0,488726.0,605548.0,502082.0,55.35,,,,,,,,44.0,6.0,Cutter,1.0,1.0,1.0,1.0,1.0,1.0,1.0,1.0,Standard,Standard,166.0,0.0,0.031
81,3573,FC,2017-06-27,94.9,-2.93,5.86,"Shaw, Bryan",608577.0,543766.0,,foul,,,,,2.0,Nomar Mazara called out on strikes.,R,L,R,CLE,TEX,S,,,1.0,2.0,2017.0,0.22,0.86,-0.13,2.9,,,,1.0,7.0,Top,,,,,543228.0,,,6.73459143128116,-137.876609317794,-3.93569117045829,1.50204882742416,26.7824240233536,-20.8845482898365,3.26,1.45,146.0,73.1,13.0,94.1,2391.0,5.6,491264.0,543766.0,543228.0,467793.0,543401.0,608070.0,596019.0,488726.0,605548.0,502082.0,54.87,,,,,,,,44.0,5.0,Cutter,1.0,1.0,1.0,1.0,1.0,1.0,1.0,1.0,Standard,Standard,163.0,0.0,0.0
82,3670,FC,2017-06-27,94.3,-3.03,5.73,"Shaw, Bryan",608577.0,543766.0,,foul,,,,,3.0,Nomar Mazara called out on strikes.,R,L,R,CLE,TEX,S,,,1.0,2.0,2017.0,0.14,0.72,0.32,3.0,,,,1.0,7.0,Top,,,,,543228.0,,,8.26386282991925,-136.935434804463,-2.98132866516645,0.203555682495781,24.4649494994003,-22.9574361643357,3.26,1.45,17.0,46.8,-7.0,93.3,2442.0,5.4,491264.0,543766.0,543228.0,467793.0,543401.0,608070.0,596019.0,488726.0,605548.0,502082.0,55.11,,,,,,,,44.0,4.0,Cutter,1.0,1.0,1.0,1.0,1.0,1.0,1.0,1.0,Standard,Standard,168.0,0.0,0.0
83,3836,FC,2017-06-27,94.4,-3.1,5.85,"Shaw, Bryan",608577.0,543766.0,,foul,,,,,5.0,Nomar Mazara called out on strikes.,R,L,R,CLE,TEX,S,,,1.0,1.0,2017.0,0.3,0.96,-0.12,2.51,,,,1.0,7.0,Top,,,,,543228.0,,,6.97455583190372,-137.027761655731,-5.03438571433988,2.42220426957092,26.067453084531,-19.5353626055134,3.26,1.45,,,,93.4,2492.0,5.5,491264.0,543766.0,543228.0,467793.0,543401.0,608070.0,596019.0,488726.0,605548.0,502082.0,54.95,,,,,,,,44.0,3.0,Cutter,1.0,1.0,1.0,1.0,1.0,1.0,1.0,1.0,Standard,Standard,161.0,0.0,-0.045
84,3972,FC,2017-06-27,93.2,-3.2,5.85,"Shaw, Bryan",608577.0,543766.0,,foul,,,,,2.0,Nomar Mazara called out on strikes.,R,L,R,CLE,TEX,S,,,1.0,0.0,2017.0,0.25,1.03,0.15,2.75,,,,1.0,7.0,Top,,,,,543228.0,,,7.9042768226226,-135.286878491415,-4.34553978537858,1.44295257616324,25.76224064431,-19.2608463631053,3.26,1.45,,,,91.8,2568.0,5.3,491264.0,543766.0,543228.0,467793.0,543401.0,608070.0,596019.0,488726.0,605548.0,502082.0,55.23,,,,,,,,44.0,2.0,Cutter,1.0,1.0,1.0,1.0,1.0,1.0,1.0,1.0,Standard,Standard,165.0,0.0,-0.032
85,4079,FC,2017-06-27,95.1,-3.04,5.82,"Shaw, Bryan",608577.0,543766.0,,ball,,,,,13.0,Nomar Mazara called out on strikes.,R,L,R,CLE,TEX,B,,,0.0,0.0,2017.0,0.25,1.26,-0.06,1.11,,,,1.0,7.0,Top,,,,,543228.0,,,7.13159048180776,-137.925782626965,-9.27234752829103,1.82479765009082,25.7629139537327,-14.9121318936714,3.44,1.63,,,,93.9,2527.0,5.4,491264.0,543766.0,543228.0,467793.0,543401.0,608070.0,596019.0,488726.0,605548.0,502082.0,55.08,,,,,,,,44.0,1.0,Cutter,1.0,1.0,1.0,1.0,1.0,1.0,1.0,1.0,Standard,Standard,168.0,0.0,0.026
86,4202,FC,2017-06-27,93.4,-2.91,5.88,"Shaw, Bryan",134181.0,543766.0,field_out,hit_into_play,,,,,4.0,Adrian Beltre pops out to first baseman Carlos Santana.,R,R,R,CLE,TEX,X,3.0,popup,1.0,1.0,2017.0,0.37,1.19,-0.34,2.28,,,,0.0,7.0,Top,155.77,161.96,,,543228.0,,,5.69904439658548,-135.539388439739,-5.95513235503655,3.39115545732661,25.8085611097318,-16.9467984408998,3.43,1.49,,80.0,69.0,92.0,2524.0,5.3,491264.0,543766.0,543228.0,467793.0,543401.0,608070.0,596019.0,488726.0,605548.0,502082.0,55.17,0.0,0.0,0.0,1.0,0.0,0.0,3.0,43.0,3.0,Cutter,1.0,1.0,1.0,1.0,1.0,1.0,1.0,1.0,Standard,Standard,161.0,0.039,-0.235
87,4304,FC,2017-06-27,92.2,-2.9,5.83,"Shaw, Bryan",134181.0,543766.0,,swinging_strike,,,,,14.0,Adrian Beltre pops out to first baseman Carlos Santana.,R,R,R,CLE,TEX,S,,,1.0,0.0,2017.0,0.44,0.78,1.06,1.46,,,,0.0,7.0,Top,,,,,543228.0,,,8.94371004063596,-133.725239089702,-6.84654767501156,3.59963296755611,24.0601909420149,-21.9557210745593,3.43,1.49,,,,91.0,2552.0,5.4,491264.0,543766.0,543228.0,467793.0,543401.0,608070.0,596019.0,488726.0,605548.0,502082.0,55.12,,,,,,,,43.0,2.0,Cutter,1.0,1.0,1.0,1.0,1.0,1.0,1.0,1.0,Standard,Standard,147.0,0.0,-0.046
88,4451,FC,2017-06-27,93.8,-2.96,6.01,"Shaw, Bryan",134181.0,543766.0,,ball,,,,,12.0,Adrian Beltre pops out to first baseman Carlos Santana.,R,R,R,CLE,TEX,B,,,0.0,0.0,2017.0,0.37,1.19,1.04,2.86,,,,0.0,7.0,Top,,,,,543228.0,,,9.33614412263531,-135.992029659935,-4.85953212494377,2.74027860166336,24.8393968164802,-17.1695471307478,3.74,1.66,,,,92.4,2559.0,5.3,491264.0,543766.0,543228.0,467793.0,543401.0,608070.0,596019.0,488726.0,605548.0,502082.0,55.23,,,,,,,,43.0,1.0,Cutter,1.0,1.0,1.0,1.0,1.0,1.0,1.0,1.0,Standard,Standard,161.0,0.0,0.036
89,91,FF,2017-06-27,88.6,-1.72,6.62,"Ross, Tyson",488726.0,475115.0,strikeout,swinging_strike,,,,,9.0,Michael Brantley strikes out swinging.,R,L,R,CLE,TEX,S,2.0,,3.0,2.0,2017.0,0.05,0.56,0.6,1.75,,,,2.0,6.0,Bot,,,,,455139.0,,,5.47018975873981,-128.563591478216,-6.88211263274575,-0.475471094859469,24.1752840054079,-25.0025296703157,3.29,1.38,,,,87.5,2536.0,5.6,491264.0,475115.0,455139.0,608336.0,596059.0,134181.0,462101.0,608577.0,592261.0,425783.0,54.94,,,0.0,1.0,0.0,0.0,,42.0,6.0,4-Seam Fastball,1.0,1.0,1.0,1.0,1.0,1.0,1.0,1.0,Standard,Standard,173.0,-0.017,-0.124
90,106,SL,2017-06-27,86.0,-1.51,6.68,"Ross, Tyson",488726.0,475115.0,,ball,,,,,14.0,Michael Brantley strikes out swinging.,R,L,R,CLE,TEX,B,,,2.0,2.0,2017.0,0.36,0.41,1.26,2.28,,,,2.0,6.0,Bot,,,,,455139.0,,,5.76398272228075,-124.650669720402,-4.82961110399494,2.36455562146954,26.2958546360992,-27.3041221461923,3.58,1.6,,,,84.0,2489.0,5.3,491264.0,475115.0,455139.0,608336.0,596059.0,134181.0,462101.0,608577.0,592261.0,425783.0,55.21,,,,,,,,42.0,5.0,Slider,1.0,1.0,1.0,1.0,1.0,1.0,1.0,1.0,Standard,Standard,126.0,0.0,0.035
91,126,SL,2017-06-27,83.1,-1.64,6.66,"Ross, Tyson",488726.0,475115.0,,swinging_strike_blocked,,,,,14.0,Michael Brantley strikes out swinging.,R,L,R,CLE,TEX,S,,,2.0,1.0,2017.0,0.22,0.22,0.34,0.72,,,,2.0,6.0,Bot,,,,,455139.0,,,4.01967793279248,-120.58913676051,-7.40283117510533,1.39652402458713,21.1078379560411,-29.0902222355385,3.29,1.38,,,,81.5,2473.0,5.2,491264.0,475115.0,455139.0,608336.0,596059.0,134181.0,462101.0,608577.0,592261.0,425783.0,55.33,,,,,,,,42.0,4.0,Slider,1.0,1.0,1.0,1.0,1.0,1.0,1.0,1.0,Standard,Standard,111.0,0.0,-0.033
92,137,FF,2017-06-27,91.0,-1.7,6.65,"Ross, Tyson",488726.0,475115.0,,ball,,,,,14.0,Michael Brantley strikes out swinging.,R,L,R,CLE,TEX,B,,,1.0,1.0,2017.0,-0.48,0.98,0.62,0.77,,,,2.0,6.0,Bot,,,,,455139.0,,,6.68311938953675,-131.777011818935,-10.6752897183338,-6.73365306518319,24.8962535805495,-19.231831882859,3.59,1.56,,,,89.7,2505.0,5.5,491264.0,475115.0,455139.0,608336.0,596059.0,134181.0,462101.0,608577.0,592261.0,425783.0,54.98,,,,,,,,42.0,3.0,4-Seam Fastball,1.0,1.0,1.0,1.0,1.0,1.0,1.0,1.0,Standard,Standard,209.0,0.0,0.02
93,149,SL,2017-06-27,84.7,-1.76,6.69,"Ross, Tyson",488726.0,475115.0,,called_strike,,,,,11.0,Michael Brantley strikes out swinging.,R,L,R,CLE,TEX,S,,,1.0,0.0,2017.0,0.53,0.51,-0.86,3.22,,,,2.0,6.0,Bot,,,,,455139.0,,,1.07302736223044,-123.00407601559,-2.70685254231282,4.96089655513874,24.0229921486399,-26.8759034124523,3.64,1.53,,,,83.1,2501.0,5.3,491264.0,475115.0,455139.0,608336.0,596059.0,134181.0,462101.0,608577.0,592261.0,425783.0,55.22,,,,,,,,42.0,2.0,Slider,1.0,1.0,1.0,1.0,1.0,1.0,1.0,1.0,Standard,Standard,124.0,0.0,-0.022
94,183,SL,2017-06-27,82.4,-1.66,6.73,"Ross, Tyson",488726.0,475115.0,,ball,,,,,14.0,Michael Brantley strikes out swinging.,R,L,R,CLE,TEX,B,,,0.0,0.0,2017.0,0.28,0.14,0.89,0.45,,,,2.0,6.0,Bot,,,,,455139.0,,,5.15079698825038,-119.569834443149,-7.88901829652513,1.73394858797571,20.1477841081692,-29.7714708805241,3.55,1.47,,,,81.0,2581.0,5.2,491264.0,475115.0,455139.0,608336.0,596059.0,134181.0,462101.0,608577.0,592261.0,425783.0,55.32,,,,,,,,42.0,1.0,Slider,1.0,1.0,1.0,1.0,1.0,1.0,1.0,1.0,Standard,Standard,92.0,0.0,0.018
95,202,SL,2017-06-27,87.7,-1.52,6.71,"Ross, Tyson",596019.0,475115.0,strikeout,swinging_strike,,,,,12.0,Francisco Lindor strikes out swinging.,R,L,R,CLE,TEX,S,2.0,,2.0,2.0,2017.0,0.1,0.94,1.38,2.35,,,,1.0,6.0,Bot,,,,,455139.0,,,6.73474886977844,-127.253634843644,-6.22908070979758,-0.203544417381893,23.4304889639585,-21.2533703138192,3.12,1.39,,,,86.8,2556.0,5.6,491264.0,475115.0,455139.0,608336.0,596059.0,134181.0,462101.0,608577.0,592261.0,425783.0,54.86,,,0.0,1.0,0.0,0.0,,41.0,5.0,Slider,1.0,1.0,1.0,1.0,1.0,1.0,1.0,1.0,Standard,Standard,173.0,-0.024,-0.152
96,217,FF,2017-06-27,89.8,-1.74,6.7,"Ross, Tyson",596019.0,475115.0,,foul,,,,,3.0,Francisco Lindor strikes out swinging.,R,L,R,CLE,TEX,S,,,2.0,1.0,2017.0,-0.4,1.26,0.76,3.05,,,,1.0,6.0,Bot,,,,,455139.0,,,6.90169161150747,-130.312785459734,-5.61657922306534,-5.79313462617223,23.3738953138909,-17.2180828316061,3.12,1.39,176.0,68.6,33.0,89.1,2588.0,5.7,491264.0,475115.0,455139.0,608336.0,596059.0,134181.0,462101.0,608577.0,592261.0,425783.0,54.82,,,,,,,,41.0,4.0,4-Seam Fastball,1.0,1.0,1.0,1.0,1.0,1.0,1.0,1.0,Standard,Standard,199.0,0.0,-0.052
97,255,FF,2017-06-27,89.6,-1.63,6.7,"Ross, Tyson",596019.0,475115.0,,foul,,,,,12.0,Francisco Lindor strikes out swinging.,R,L,R,CLE,TEX,S,,,2.0,0.0,2017.0,0.0,1.45,0.99,2.76,,,,1.0,6.0,Bot,,,,,455139.0,,,6.35977764711658,-129.921856364617,-6.59259875441601,-1.29651164786236,26.262360290375,-15.0710011626585,3.12,1.39,306.0,93.2,25.0,88.3,2596.0,5.6,491264.0,475115.0,455139.0,608336.0,596059.0,134181.0,462101.0,608577.0,592261.0,425783.0,54.9,,,,,,,,41.0,3.0,4-Seam Fastball,1.0,1.0,1.0,1.0,1.0,1.0,1.0,1.0,Standard,Standard,180.0,0.0,-0.039
98,274,SL,2017-06-27,82.6,-1.7,6.62,"Ross, Tyson",596019.0,475115.0,,ball,,,,,11.0,Francisco Lindor strikes out swinging.,R,L,R,CLE,TEX,B,,,1.0,0.0,2017.0,0.33,0.35,-1.71,2.75,,,,1.0,6.0,Bot,,,,,455139.0,,,-0.622539299355787,-120.011435721097,-2.97931285514607,3.1596909832252,20.7917732535716,-28.6245234253189,3.26,1.49,,,,81.3,2533.0,5.2,491264.0,475115.0,455139.0,608336.0,596059.0,134181.0,462101.0,608577.0,592261.0,425783.0,55.28,,,,,,,,41.0,2.0,Slider,1.0,1.0,1.0,1.0,1.0,1.0,1.0,1.0,Standard,Standard,122.0,0.0,0.046
99,303,SL,2017-06-27,83.8,-1.77,6.68,"Ross, Tyson",596019.0,475115.0,,ball,,,,,14.0,Francisco Lindor strikes out swinging.,R,L,R,CLE,TEX,B,,,0.0,0.0,2017.0,0.56,0.3,0.92,0.82,,,,1.0,6.0,Bot,,,,,455139.0,,,5.02329774395989,-121.457587966743,-7.51693257453038,4.40616095612105,22.7265224988512,-28.1746463750736,3.25,1.57,,,,82.0,2599.0,5.2,491264.0,475115.0,455139.0,608336.0,596059.0,134181.0,462101.0,608577.0,592261.0,425783.0,55.3,,,,,,,,41.0,1.0,Slider,1.0,1.0,1.0,1.0,1.0,1.0,1.0,1.0,Standard,Standard,106.0,0.0,0.026
